"full_name","serving_state","Associate","Bach","Graduate","Law","Med_Or_PhD"
"Aaron Bean","FL","No Associate's","Jacksonville University","No Graduate Degree","No Law Degree","No Medical Degree or PhD"
"Abe Hamadeh","AZ","No Associate's","Arizona State University","No Graduate Degree","Law Degree","No Medical Degree or PhD"
"Abigail Spanberger","VA","No Associate's","University of Virginia","Graduate Degree","No Law Degree","No Medical Degree or PhD"
"Adam Schiff","CA","No Associate's","Stanford University","No Graduate Degree","Law Degree","No Medical Degree or PhD"
"Adam Smith","WA","No Associate's","Fordham University","No Graduate Degree","Law Degree","No Medical Degree or PhD"
"Addison McDowell","NC","No Associate's","University of North Carolina Charlotte","No Graduate Degree","No Law Degree","No Medical Degree or PhD"
"Adrian Smith","NE","No Associate's","University of Nebraska","No Graduate Degree","No Law Degree","No Medical Degree or PhD"
"Adriano Espaillat","NY","No Associate's","Queens College","No Graduate Degree","No Law Degree","No Medical Degree or PhD"
"Al Green","TX","No Associate's","Tuskegee University","No Graduate Degree","Law Degree","No Medical Degree or PhD"
"Al Green","TX","No Associate's","NONE","No Graduate Degree","Law Degree","No Medical Degree or PhD"
"Alex Mooney","WV","No Associate's","Dartmouth College","No Graduate Degree","No Law Degree","No Medical Degree or PhD"
"Alex Padilla","CA","No Associate's","Massachusetts Institute of Technology","No Graduate Degree","No Law Degree","No Medical Degree or PhD"
"Alexandria Ocasio-Cortez","NY","No Associate's","Boston University","No Graduate Degree","No Law Degree","No Medical Degree or PhD"
"Alma Adams","NC","No Associate's","North Carolina A&T University","Graduate Degree","No Law Degree","Medical Degree or PhD"
"Amata Coleman Radewagen","AS","No Associate's","University of Guam","No Graduate Degree","No Law Degree","No Medical Degree or PhD"
"Ami Bera","CA","No Associate's","University of California Irvine","No Graduate Degree","No Law Degree","Medical Degree or PhD"
"Amy Klobuchar","MN","No Associate's","Yale University","No Graduate Degree","Law Degree","No Medical Degree or PhD"
"Andre Carson","IN","No Associate's","Concordia University Wisconsin","Graduate Degree","No Law Degree","No Medical Degree or PhD"
"Andrea Salinas","OR","No Associate's","University of California Berkeley","No Graduate Degree","No Law Degree","No Medical Degree or PhD"
"Andrew Clyde","GA","No Associate's","Bethel University","Graduate Degree","No Law Degree","No Medical Degree or PhD"
"Andrew Garbarino","NY","No Associate's","George Washington University","No Graduate Degree","Law Degree","No Medical Degree or PhD"
"Andy Barr","KY","No Associate's","University of Virginia","No Graduate Degree","Law Degree","No Medical Degree or PhD"
"Andy Biggs","AZ","No Associate's","Brigham Young University","Graduate Degree","Law Degree","No Medical Degree or PhD"
"Andy Harris","MD","No Associate's","Johns Hopkins University","Graduate Degree","No Law Degree","Medical Degree or PhD"
"Andy Kim","NJ","No Associate's","University of Chicago","No Graduate Degree","No Law Degree","No Medical Degree or PhD"
"Andy Ogles V","TN","No Associate's","Middle Tennessee State University","No Graduate Degree","No Law Degree","No Medical Degree or PhD"
"Angela Alsobrooks","MD","No Associate's","Duke University","No Graduate Degree","Law Degree","No Medical Degree or PhD"
"Ann Wagner","MO","No Associate's","University of Missouri","No Graduate Degree","No Law Degree","No Medical Degree or PhD"
"Anna Eshoo","CA","Associate's Degree","NONE","No Graduate Degree","No Law Degree","No Medical Degree or PhD"
"Anna Paulina Luna","FL","No Associate's","University of West Florida","No Graduate Degree","No Law Degree","No Medical Degree or PhD"
"Annie Kuster","NH","No Associate's","Dartmouth College","No Graduate Degree","Law Degree","No Medical Degree or PhD"
"Anthony D'Esposito","NY","No Associate's","Hofstra University","No Graduate Degree","No Law Degree","No Medical Degree or PhD"
"April McClain-Delaney","MD","No Associate's","Northwestern University","No Graduate Degree","Law Degree","No Medical Degree or PhD"
"Ashley Hinson","IA","No Associate's","University of Southern California","No Graduate Degree","No Law Degree","No Medical Degree or PhD"
"August Pfluger","TX","No Associate's","United States Air Force Academy","Graduate Degree","No Law Degree","No Medical Degree or PhD"
"Austin Scott","GA","No Associate's","University of Georgia","No Graduate Degree","No Law Degree","No Medical Degree or PhD"
"Ayanna Pressley","MA","No Associate's","NONE","No Graduate Degree","No Law Degree","No Medical Degree or PhD"
"Barry Loudermilk","GA","No Associate's","Wayland Baptist University","No Graduate Degree","No Law Degree","No Medical Degree or PhD"
"Barry Moore","AL","Associate's Degree","Auburn University","No Graduate Degree","No Law Degree","No Medical Degree or PhD"
"Becca Balint","VT","No Associate's","Smith College","Graduate Degree","No Law Degree","No Medical Degree or PhD"
"Ben Cardin","MD","Associate's Degree","University of Pittsburgh","No Graduate Degree","Law Degree","No Medical Degree or PhD"
"Ben Cline","VA","No Associate's","Bates College","No Graduate Degree","Law Degree","No Medical Degree or PhD"
"Ben Ray Luján","NM","No Associate's","New Mexico Highlands University","No Graduate Degree","No Law Degree","No Medical Degree or PhD"
"Ben Sasse","NE","No Associate's","Harvard","Graduate Degree","No Law Degree","Medical Degree or PhD"
"Bennie Thompson","MS","No Associate's","Tougaloo College","Graduate Degree","No Law Degree","No Medical Degree or PhD"
"Bernie Moreno","OH","No Associate's","University of Michigan","No Graduate Degree","No Law Degree","No Medical Degree or PhD"
"Beth Van Duyne","TX","No Associate's","Cornell University","No Graduate Degree","No Law Degree","No Medical Degree or PhD"
"Bill Cassidy","LA","No Associate's","Louisiana State University","No Graduate Degree","No Law Degree","Medical Degree or PhD"
"Bill Foster","IL","No Associate's","University of Wisconsin","No Graduate Degree","No Law Degree","Medical Degree or PhD"
"Bill Foster","IL","No Associate's","University of Wisconsin","Graduate Degree","No Law Degree","Medical Degree or PhD"
"Bill Hagerty","TN","No Associate's","Vanderbilt University","No Graduate Degree","Law Degree","No Medical Degree or PhD"
"Bill Huizenga","MI","No Associate's","Calvin College","No Graduate Degree","No Law Degree","No Medical Degree or PhD"
"Bill Johnson","OH","No Associate's","Troy University","Graduate Degree","No Law Degree","No Medical Degree or PhD"
"Bill Keating","MA","No Associate's","Boston College","Graduate Degree","Law Degree","No Medical Degree or PhD"
"Bill Pascrell Jr.","NJ","No Associate's","Fordham University","Graduate Degree","No Law Degree","No Medical Degree or PhD"
"Bill Posey","FL","Associate's Degree","NONE","No Graduate Degree","No Law Degree","No Medical Degree or PhD"
"Blaine Luetkemeyer","MO","No Associate's","Lincoln University","No Graduate Degree","No Law Degree","No Medical Degree or PhD"
"Blake Moore","UT","No Associate's","University of Utah","Graduate Degree","No Law Degree","No Medical Degree or PhD"
"Bob Casey Jr.","PA","No Associate's","College of the Holy Cross","No Graduate Degree","Law Degree","No Medical Degree or PhD"
"Bob Good","VA","No Associate's","Liberty University","Graduate Degree","No Law Degree","No Medical Degree or PhD"
"Bob Latta","OH","No Associate's","Bowling Green State University","No Graduate Degree","Law Degree","No Medical Degree or PhD"
"Bob Menendez","NJ","No Associate's","Saint Peter's College","No Graduate Degree","Law Degree","No Medical Degree or PhD"
"Bob Onder Jr.","MO","No Associate's","Washington University","Graduate Degree","Law Degree","No Medical Degree or PhD"
"Bobby Scott","VA","No Associate's","Harvard University","No Graduate Degree","Law Degree","No Medical Degree or PhD"
"Bonnie Watson Coleman","NJ","No Associate's","Thomas Edison State College","No Graduate Degree","No Law Degree","No Medical Degree or PhD"
"Brad Finstad","MN","No Associate's","University of Minnesota","No Graduate Degree","No Law Degree","No Medical Degree or PhD"
"Brad Knott","NC","No Associate's","Baylor University","No Graduate Degree","Law Degree","No Medical Degree or PhD"
"Brad Schneider","IL","No Associate's","Northwestern University","Graduate Degree","No Law Degree","No Medical Degree or PhD"
"Brad Sherman","CA","No Associate's","University of California Los Angeles","No Graduate Degree","Law Degree","No Medical Degree or PhD"
"Brad Wenstrup","OH","No Associate's","University of Cincinnati","No Graduate Degree","No Law Degree","No Medical Degree or PhD"
"Brandon Gill","TX","No Associate's","Dartmouth College","No Graduate Degree","No Law Degree","No Medical Degree or PhD"
"Brandon Williams","NY","No Associate's","Pepperdine University","Graduate Degree","No Law Degree","No Medical Degree or PhD"
"Brendan Boyle","PA","No Associate's","University of Notre Dame","Graduate Degree","No Law Degree","No Medical Degree or PhD"
"Brett Guthrie","KY","No Associate's","United States Military Academy West Point","Graduate Degree","No Law Degree","No Medical Degree or PhD"
"Brian Babin","TX","No Associate's","Lamar University","No Graduate Degree","No Law Degree","No Medical Degree or PhD"
"Brian Fitzpatrick","PA","No Associate's","Penn State University","No Graduate Degree","Law Degree","No Medical Degree or PhD"
"Brian Higgins","NY","No Associate's","Buffalo State College","Graduate Degree","No Law Degree","No Medical Degree or PhD"
"Brian Jack","GA","No Associate's","Pepperdine University","No Graduate Degree","No Law Degree","No Medical Degree or PhD"
"Brian Mast","FL","No Associate's","Harvard University","No Graduate Degree","No Law Degree","No Medical Degree or PhD"
"Brian Schatz","HI","No Associate's","Pomona College","No Graduate Degree","No Law Degree","No Medical Degree or PhD"
"Brittany Pettersen","CO","No Associate's","Metro State University","No Graduate Degree","No Law Degree","No Medical Degree or PhD"
"Bruce Westerman","AR","No Associate's","University of Arkansas","No Graduate Degree","No Law Degree","No Medical Degree or PhD"
"Bryan Steil","WI","No Associate's","Georgetown University","No Graduate Degree","Law Degree","No Medical Degree or PhD"
"Buddy Carter","GA","Associate's Degree","University of Georgia","No Graduate Degree","No Law Degree","No Medical Degree or PhD"
"Burgess Owens","UT","No Associate's","University of Miami","No Graduate Degree","No Law Degree","No Medical Degree or PhD"
"Byron Donalds","FL","No Associate's","Florida State University","No Graduate Degree","No Law Degree","No Medical Degree or PhD"
"Carlos Gimenez","FL","No Associate's","Barry University","No Graduate Degree","No Law Degree","No Medical Degree or PhD"
"Carol Miller","WV","No Associate's","Columbia College","No Graduate Degree","No Law Degree","No Medical Degree or PhD"
"Catherine Cortez Masto","NV","No Associate's","University of Nevada Reno","No Graduate Degree","Law Degree","No Medical Degree or PhD"
"Cathy McMorris Rodgers","WA","No Associate's","Pensacola Christian College","Graduate Degree","No Law Degree","No Medical Degree or PhD"
"Celeste Maloy","UT","No Associate's","Southern Utah University","No Graduate Degree","No Law Degree","No Medical Degree or PhD"
"Chellie Pingree","ME","No Associate's","College of the Atlantic","No Graduate Degree","No Law Degree","No Medical Degree or PhD"
"Chip Roy","TX","No Associate's","University of Virginia","Graduate Degree","Law Degree","No Medical Degree or PhD"
"Chris Coons","DE","No Associate's","Amherst","Graduate Degree","Law Degree","No Medical Degree or PhD"
"Chris Deluzio","PA","No Associate's","United States Naval Academy","No Graduate Degree","Law Degree","No Medical Degree or PhD"
"Chris Murphy","CT","No Associate's","Williams College","No Graduate Degree","Law Degree","No Medical Degree or PhD"
"Chris Pappas","NH","No Associate's","Harvard University","No Graduate Degree","No Law Degree","No Medical Degree or PhD"
"Chris Smith","NJ","No Associate's","Oxford University Worcester College","No Graduate Degree","No Law Degree","No Medical Degree or PhD"
"Chris Stewart","UT","No Associate's","Utah State University","No Graduate Degree","No Law Degree","No Medical Degree or PhD"
"Chris Van Hollen","MD","No Associate's","Swarthmore College","Graduate Degree","Law Degree","No Medical Degree or PhD"
"Chrissy Houlahan","PA","No Associate's","Stanford University","Graduate Degree","No Law Degree","No Medical Degree or PhD"
"Chuck Edwards","NC","Associate's Degree","NONE","No Graduate Degree","No Law Degree","No Medical Degree or PhD"
"Chuck Fleischmann","TN","No Associate's","University of Illinois","No Graduate Degree","Law Degree","No Medical Degree or PhD"
"Chuck Grassley","IA","No Associate's","University of Northern Iowa Cedar Falls","Graduate Degree","No Law Degree","No Medical Degree or PhD"
"Chuck Schumer","NY","No Associate's","Harvard University","No Graduate Degree","Law Degree","No Medical Degree or PhD"
"Cindy Hyde-Smith","MS","Associate's Degree","University of Southern Mississippi","No Graduate Degree","No Law Degree","No Medical Degree or PhD"
"Claudia Tenney","NY","No Associate's","Colgate University","No Graduate Degree","Law Degree","No Medical Degree or PhD"
"Clay Higgins","LA","No Associate's","NONE","No Graduate Degree","No Law Degree","No Medical Degree or PhD"
"Cleo Fields","LA","No Associate's","Southern University","No Graduate Degree","Law Degree","No Medical Degree or PhD"
"Cliff Bentz","OR","No Associate's","Eastern Oregon State College","No Graduate Degree","Law Degree","No Medical Degree or PhD"
"Colin Allred","TX","No Associate's","Baylor University","No Graduate Degree","Law Degree","No Medical Degree or PhD"
"Cori Bush","MO","No Associate's","NONE","No Graduate Degree","No Law Degree","No Medical Degree or PhD"
"Cory Booker","NJ","No Associate's","Stanford University","Graduate Degree","Law Degree","No Medical Degree or PhD"
"Cory Mills","FL","No Associate's","American Military University","No Graduate Degree","No Law Degree","No Medical Degree or PhD"
"Craig Goldman","TX","No Associate's","University of Texas Austin","No Graduate Degree","No Law Degree","No Medical Degree or PhD"
"Cynthia Lummis","WY","No Associate's","University of Wyoming","No Graduate Degree","Law Degree","No Medical Degree or PhD"
"Dale Strong","AL","No Associate's","Athens State University","No Graduate Degree","No Law Degree","No Medical Degree or PhD"
"Dan Bishop","NC","No Associate's","University of North Carolina at Chapel Hill","Graduate Degree","No Law Degree","No Medical Degree or PhD"
"Dan Crenshaw","TX","No Associate's","Tufts University","Graduate Degree","No Law Degree","No Medical Degree or PhD"
"Dan Goldman","NY","No Associate's","Yale University","No Graduate Degree","Law Degree","No Medical Degree or PhD"
"Dan Kildee","MI","No Associate's","Central Michigan University","No Graduate Degree","No Law Degree","No Medical Degree or PhD"
"Dan Meuser","PA","No Associate's","NONE","No Graduate Degree","No Law Degree","No Medical Degree or PhD"
"Dan Newhouse","WA","No Associate's","Washington State University","No Graduate Degree","No Law Degree","No Medical Degree or PhD"
"Dan Sullivan","AK","No Associate's","Harvard University","Graduate Degree","Law Degree","No Medical Degree or PhD"
"Dan Webster","FL","No Associate's","Georgia Institute of Technology","No Graduate Degree","No Law Degree","No Medical Degree or PhD"
"Danny Davis","IL","No Associate's","Arkansas AM&N College","Graduate Degree","No Law Degree","Medical Degree or PhD"
"Darin LaHood","IL","No Associate's","Loras College","No Graduate Degree","Law Degree","No Medical Degree or PhD"
"Darrell Issa","CA","No Associate's","Siena Heights University","No Graduate Degree","No Law Degree","No Medical Degree or PhD"
"Darren Soto","FL","No Associate's","Rutgers College","No Graduate Degree","Law Degree","No Medical Degree or PhD"
"David Cicilline","RI","No Associate's","Brown University","No Graduate Degree","Law Degree","No Medical Degree or PhD"
"David Joyce","OH","No Associate's","University of Dayton","No Graduate Degree","Law Degree","No Medical Degree or PhD"
"David Kustoff","TN","No Associate's","University of Memphis","No Graduate Degree","Law Degree","No Medical Degree or PhD"
"David McCormick","PA","No Associate's","United States Military Academy","Graduate Degree","No Law Degree","Medical Degree or PhD"
"David Rouzer","NC","No Associate's","North Carolina State University","No Graduate Degree","No Law Degree","No Medical Degree or PhD"
"David Schweikert","AZ","Associate's Degree","Arizona State University","Graduate Degree","No Law Degree","No Medical Degree or PhD"
"David Scott","GA","No Associate's","Florida A&M University","Graduate Degree","No Law Degree","No Medical Degree or PhD"
"David Taylor","OH","No Associate's","Miami University","No Graduate Degree","Law Degree","No Medical Degree or PhD"
"David Valadao","CA","Associate's Degree","NONE","No Graduate Degree","No Law Degree","No Medical Degree or PhD"
"Dean Phillips","MN","No Associate's","Brown University","Graduate Degree","No Law Degree","No Medical Degree or PhD"
"Deb Fischer","NE","No Associate's","University of Nebraska Lincoln","No Graduate Degree","No Law Degree","No Medical Degree or PhD"
"Debbie Dingell","MI","No Associate's","Georgetown University Foreign Service","Graduate Degree","No Law Degree","No Medical Degree or PhD"
"Debbie Lesko","AZ","No Associate's","University of Wisconsin–Madison","No Graduate Degree","No Law Degree","No Medical Degree or PhD"
"Debbie Stabenow","MI","No Associate's","Michigan State University","Graduate Degree","No Law Degree","No Medical Degree or PhD"
"Debbie Wasserman Schultz","FL","No Associate's","University of Florida","Graduate Degree","No Law Degree","No Medical Degree or PhD"
"Deborah Ross","NC","No Associate's","Brown University","No Graduate Degree","Law Degree","No Medical Degree or PhD"
"Delia Ramirez","IL","No Associate's","Northeastern Illinois University","No Graduate Degree","No Law Degree","No Medical Degree or PhD"
"Derek Kilmer","WA","No Associate's","Princeton University","Graduate Degree","No Law Degree","Medical Degree or PhD"
"Derek Schmidt","KS","No Associate's","University of Kansas","Graduate Degree","Law Degree","No Medical Degree or PhD"
"Derrick Van Orden","WI","No Associate's","Excelsior University","No Graduate Degree","No Law Degree","No Medical Degree or PhD"
"Diana DeGette","CO","No Associate's","Colorado College","No Graduate Degree","Law Degree","No Medical Degree or PhD"
"Diana Harshbarger","TN","No Associate's","NONE","No Graduate Degree","No Law Degree","No Medical Degree or PhD"
"Dianne Feinstein","CA","No Associate's","Stanford University","No Graduate Degree","No Law Degree","No Medical Degree or PhD"
"Dick Durbin","IL","No Associate's","School of Foreign Service at Georgetown University","No Graduate Degree","Law Degree","No Medical Degree or PhD"
"Dina Titus","NV","No Associate's","College of William and Mary","Graduate Degree","No Law Degree","Medical Degree or PhD"
"Don Bacon","NE","No Associate's","Illinois University","Graduate Degree","No Law Degree","No Medical Degree or PhD"
"Don Beyer Jr.","VA","No Associate's","Williams College","No Graduate Degree","No Law Degree","No Medical Degree or PhD"
"Don Davis","NC","No Associate's","United States Air Force Academy","Graduate Degree","No Law Degree","No Medical Degree or PhD"
"Donald Norcross","NJ","Associate's Degree","NONE","No Graduate Degree","No Law Degree","No Medical Degree or PhD"
"Donald Payne Jr.","NJ","No Associate's","Kean College","No Graduate Degree","No Law Degree","No Medical Degree or PhD"
"Doris Matsui","CA","No Associate's","University of California Berkeley","No Graduate Degree","No Law Degree","No Medical Degree or PhD"
"Doug LaMalfa","CA","No Associate's","California Polytechnic University San Luis Obispo","No Graduate Degree","No Law Degree","No Medical Degree or PhD"
"Doug Lamborn","CO","No Associate's","University of Kansas","No Graduate Degree","Law Degree","No Medical Degree or PhD"
"Drew Ferguson V","GA","No Associate's","University of Georgia","No Graduate Degree","No Law Degree","Medical Degree or PhD"
"Dustin ""Dusty"" Johnson","SD","No Associate's","University of South Dakota","Graduate Degree","No Law Degree","No Medical Degree or PhD"
"Dutch Ruppersberger","MD","No Associate's","University of Maryland College Park","No Graduate Degree","Law Degree","No Medical Degree or PhD"
"Dwight Evans","PA","Associate's Degree","La Salle College","No Graduate Degree","No Law Degree","No Medical Degree or PhD"
"Earl Blumenauer","OR","No Associate's","Lewis and Clark College","No Graduate Degree","Law Degree","No Medical Degree or PhD"
"Ed Case","HI","No Associate's","Williams College","No Graduate Degree","Law Degree","No Medical Degree or PhD"
"Edward Markey","MA","No Associate's","Boston College","No Graduate Degree","Law Degree","No Medical Degree or PhD"
"Eleanor Holmes Norton","DC","No Associate's","Antioch College","Graduate Degree","Law Degree","No Medical Degree or PhD"
"Eli Crane","AZ","No Associate's","University of Arizona","No Graduate Degree","No Law Degree","No Medical Degree or PhD"
"Elise Stefanik","NY","No Associate's","Harvard University","No Graduate Degree","No Law Degree","No Medical Degree or PhD"
"Elissa Slotkin","MI","No Associate's","Cornell University","Graduate Degree","No Law Degree","No Medical Degree or PhD"
"Elizabeth Warren","MA","No Associate's","University of Houston","No Graduate Degree","Law Degree","No Medical Degree or PhD"
"Emanuel Cleaver","MO","No Associate's","Prairie View A&M University","Graduate Degree","No Law Degree","No Medical Degree or PhD"
"Emilia Sykes","OH","No Associate's","Kent State University","Graduate Degree","Law Degree","No Medical Degree or PhD"
"Emily Randall","WA","No Associate's","Wellesley College","No Graduate Degree","No Law Degree","No Medical Degree or PhD"
"Eric Burlison","MO","No Associate's","Southwest Missouri State University","Graduate Degree","No Law Degree","No Medical Degree or PhD"
"Eric Schmitt","MO","No Associate's","Truman State University","No Graduate Degree","Law Degree","No Medical Degree or PhD"
"Eric Sorensen","IL","No Associate's","Northern Illinois University","No Graduate Degree","No Law Degree","No Medical Degree or PhD"
"Eric Swalwell","CA","No Associate's","University of Maryland College Park","No Graduate Degree","Law Degree","No Medical Degree or PhD"
"Erica Lee Carter","TX","No Associate's","University of North Carolina Chapel Hill","Graduate Degree","No Law Degree","No Medical Degree or PhD"
"Erin Houchin","IN","No Associate's","Indiana University","Graduate Degree","No Law Degree","No Medical Degree or PhD"
"Eugene Vindman","VA","No Associate's","State University of New York Binghamton","No Graduate Degree","Law Degree","No Medical Degree or PhD"
"Frank Lucas","OK","No Associate's","Oklahoma State University","No Graduate Degree","No Law Degree","No Medical Degree or PhD"
"Frank Mrvan","IN","No Associate's","Ball State University","No Graduate Degree","No Law Degree","No Medical Degree or PhD"
"Frank Pallone Jr.","NJ","No Associate's","Middlebury College","Graduate Degree","Law Degree","No Medical Degree or PhD"
"Frederica Wilson","FL","No Associate's","Fisk University","Graduate Degree","No Law Degree","No Medical Degree or PhD"
"French Hill","AR","No Associate's","Vanderbilt University","No Graduate Degree","No Law Degree","No Medical Degree or PhD"
"Gabe Amo","RI","No Associate's","Wheaton College","Graduate Degree","No Law Degree","No Medical Degree or PhD"
"Gabe Evans","CO","No Associate's","Patrick Henry College","No Graduate Degree","No Law Degree","No Medical Degree or PhD"
"Gabriel ""Gabe"" Vasquez","NM","No Associate's","New Mexico State University","No Graduate Degree","No Law Degree","No Medical Degree or PhD"
"Garret Graves","LA","No Associate's","NONE","No Graduate Degree","No Law Degree","No Medical Degree or PhD"
"Gary Palmer","AL","No Associate's","University of Alabama","No Graduate Degree","No Law Degree","No Medical Degree or PhD"
"Gary Peters","MI","No Associate's","Alma College","Graduate Degree","Law Degree","No Medical Degree or PhD"
"George Helmy","NJ","No Associate's","Rutgers University","Graduate Degree","No Law Degree","No Medical Degree or PhD"
"George Latimer","NY","No Associate's","Fordham University","Graduate Degree","No Law Degree","No Medical Degree or PhD"
"George Santos","NY","No Associate's","NONE","No Graduate Degree","No Law Degree","No Medical Degree or PhD"
"George Whitesides","CA","No Associate's","Princeton University","Graduate Degree","No Law Degree","No Medical Degree or PhD"
"Gerry Connolly","VA","No Associate's","Maryknoll College","Graduate Degree","No Law Degree","No Medical Degree or PhD"
"Gil Cisneros Jr.","CA","No Associate's","George Washington University","Graduate Degree","No Law Degree","No Medical Degree or PhD"
"Glenn ""G.T."" Thompson","PA","No Associate's","Pennsylvania State University","Graduate Degree","No Law Degree","No Medical Degree or PhD"
"Glenn Grothman","WI","No Associate's","University of Wisconsin Madison","No Graduate Degree","Law Degree","No Medical Degree or PhD"
"Glenn Ivey","MD","No Associate's","Princeton University","No Graduate Degree","Law Degree","No Medical Degree or PhD"
"Grace Meng","NY","No Associate's","University of Michigan","No Graduate Degree","Law Degree","No Medical Degree or PhD"
"Grace Napolitano","CA","No Associate's","NONE","No Graduate Degree","No Law Degree","No Medical Degree or PhD"
"Greg Casar","TX","No Associate's","University of Virginia","No Graduate Degree","No Law Degree","No Medical Degree or PhD"
"Greg Landsman","OH","No Associate's","Ohio University","Graduate Degree","No Law Degree","No Medical Degree or PhD"
"Greg Lopez","CO","Associate's Degree","NONE","No Graduate Degree","No Law Degree","No Medical Degree or PhD"
"Greg Murphy","NC","No Associate's","Davidson College","Graduate Degree","No Law Degree","No Medical Degree or PhD"
"Greg Pence","IN","No Associate's","Loyola University Chicago","Graduate Degree","No Law Degree","No Medical Degree or PhD"
"Greg Stanton","AZ","No Associate's","Marquette University","No Graduate Degree","Law Degree","No Medical Degree or PhD"
"Greg Steube","FL","No Associate's","University of Florida","No Graduate Degree","Law Degree","No Medical Degree or PhD"
"Gregorio Kilili Sablan","MP","No Associate's","NONE","No Graduate Degree","No Law Degree","No Medical Degree or PhD"
"Gregory Meeks","NY","No Associate's","Adelphi University","No Graduate Degree","Law Degree","No Medical Degree or PhD"
"Gus Bilirakis","FL","Associate's Degree","University of Florida","No Graduate Degree","Law Degree","No Medical Degree or PhD"
"Guy Reschenthaler","PA","No Associate's","Pennsylvania State University, Behrend","No Graduate Degree","Law Degree","No Medical Degree or PhD"
"Gwen Moore","WI","No Associate's","Marquette University","No Graduate Degree","No Law Degree","No Medical Degree or PhD"
"Hakeem Jeffries","NY","No Associate's","State University of New York Binghamton","Graduate Degree","Law Degree","No Medical Degree or PhD"
"Hal Rogers","KY","No Associate's","University of Kentucky","No Graduate Degree","No Law Degree","No Medical Degree or PhD"
"Haley Stevens","MI","No Associate's","American University","Graduate Degree","No Law Degree","No Medical Degree or PhD"
"Hank Johnson Jr.","GA","No Associate's","Clark Atlanta University","No Graduate Degree","Law Degree","No Medical Degree or PhD"
"Harriet Hageman","WY","No Associate's","University of Wyoming","No Graduate Degree","Law Degree","No Medical Degree or PhD"
"Henry Cuellar","TX","Associate's Degree","Georgetown University","Graduate Degree","Law Degree","Medical Degree or PhD"
"Herb Conaway","NJ","No Associate's","Princeton University","Graduate Degree","Law Degree","No Medical Degree or PhD"
"Hillary Scholten","MI","No Associate's","Gordon College","No Graduate Degree","Law Degree","No Medical Degree or PhD"
"J.D. Vance","OH","No Associate's","The Ohio State University","No Graduate Degree","Law Degree","No Medical Degree or PhD"
"Jack Bergman","MI","No Associate's","Gustavus Adolphus College","Graduate Degree","No Law Degree","No Medical Degree or PhD"
"Jack Reed","RI","No Associate's","West Point","Graduate Degree","Law Degree","No Medical Degree or PhD"
"Jacky Rosen","NV","Associate's Degree","University of Minnesota","No Graduate Degree","No Law Degree","No Medical Degree or PhD"
"Jahana Hayes","CT","Associate's Degree","Southern Connecticut State University","Graduate Degree","No Law Degree","No Medical Degree or PhD"
"Jake Auchincloss","MA","No Associate's","Harvard University","Graduate Degree","No Law Degree","No Medical Degree or PhD"
"Jake Ellzey","TX","No Associate's","United States Naval Academy","No Graduate Degree","No Law Degree","No Medical Degree or PhD"
"Jake LaTurner","KS","No Associate's","Pittsburg State University","No Graduate Degree","No Law Degree","No Medical Degree or PhD"
"Jamaal Bowman","NY","No Associate's","University of New Haven","Graduate Degree","No Law Degree","No Medical Degree or PhD"
"James Comer","KY","No Associate's","Western Kentucky University","No Graduate Degree","No Law Degree","No Medical Degree or PhD"
"James Lankford","OK","No Associate's","University of Texas","Graduate Degree","No Law Degree","No Medical Degree or PhD"
"Jamie Raskin","MD","No Associate's","Harvard College","No Graduate Degree","Law Degree","No Medical Degree or PhD"
"Jan Schakowsky","IL","No Associate's","University of Illinois Urbana-Champaign","No Graduate Degree","No Law Degree","No Medical Degree or PhD"
"Janelle Bynum","OR","No Associate's","Florida A&M University","Graduate Degree","No Law Degree","No Medical Degree or PhD"
"Jared Golden","ME","No Associate's","Bates College","No Graduate Degree","No Law Degree","No Medical Degree or PhD"
"Jared Huffman","CA","No Associate's","University of California Santa Barbara","No Graduate Degree","Law Degree","No Medical Degree or PhD"
"Jared Moskowitz","FL","No Associate's","George Washington University","No Graduate Degree","Law Degree","No Medical Degree or PhD"
"Jasmine Crockett","TX","No Associate's","Rhodes College","No Graduate Degree","Law Degree","No Medical Degree or PhD"
"Jason Crow","CO","No Associate's","University of Wisconsin, Madison","No Graduate Degree","Law Degree","No Medical Degree or PhD"
"Jason Smith","MO","No Associate's","University of Missouri Columbia","No Graduate Degree","Law Degree","No Medical Degree or PhD"
"Jay Obernolte","CA","No Associate's","California Institute of Technology","Graduate Degree","No Law Degree","No Medical Degree or PhD"
"Jeanne Shaheen","NH","No Associate's","Shippensburg University of Pennsylvania","Graduate Degree","No Law Degree","No Medical Degree or PhD"
"Jeff Crank","CO","No Associate's","Colorado State University","No Graduate Degree","No Law Degree","No Medical Degree or PhD"
"Jeff Duncan","SC","No Associate's","Clemson University","No Graduate Degree","No Law Degree","No Medical Degree or PhD"
"Jeff Hurd","CO","No Associate's","Notre Dame University","No Graduate Degree","Law Degree","No Medical Degree or PhD"
"Jeff Jackson","NC","No Associate's","Emory University","Graduate Degree","Law Degree","No Medical Degree or PhD"
"Jeff Merkley","OR","No Associate's","Stanford University","Graduate Degree","No Law Degree","No Medical Degree or PhD"
"Jeff Van Drew","NJ","No Associate's","Rutgers University","No Graduate Degree","No Law Degree","No Medical Degree or PhD"
"Jefferson Shreve","IN","No Associate's","Indiana University","Graduate Degree","No Law Degree","No Medical Degree or PhD"
"Jen Kiggans","VA","No Associate's","Old Dominion University","Graduate Degree","No Law Degree","No Medical Degree or PhD"
"Jennifer McClellan","VA","No Associate's","University of Richmond","No Graduate Degree","Law Degree","No Medical Degree or PhD"
"Jennifer Wexton","VA","No Associate's","University of Maryland","No Graduate Degree","Law Degree","No Medical Degree or PhD"
"Jenniffer González-Colón","PR","No Associate's","University of Puerto Rico","No Graduate Degree","Law Degree","No Medical Degree or PhD"
"Jerry Carl","AL","No Associate's","NONE","No Graduate Degree","No Law Degree","No Medical Degree or PhD"
"Jerry Moran","KS","No Associate's","University of Kansas","No Graduate Degree","Law Degree","No Medical Degree or PhD"
"Jerry Nadler","NY","No Associate's","Columbia University","No Graduate Degree","Law Degree","No Medical Degree or PhD"
"Jesús ""Chuy"" García","IL","No Associate's","University of Illinois Chicago","Graduate Degree","No Law Degree","No Medical Degree or PhD"
"Jill Tokuda","HI","No Associate's","George Washington University","No Graduate Degree","No Law Degree","No Medical Degree or PhD"
"Jim Baird","IN","No Associate's","Purdue University","Graduate Degree","No Law Degree","Medical Degree or PhD"
"Jim Banks","IN","No Associate's","Indiana University","No Graduate Degree","No Law Degree","No Medical Degree or PhD"
"Jim Clyburn","SC","No Associate's","South Carolina State College Orangeburg","No Graduate Degree","No Law Degree","No Medical Degree or PhD"
"Jim Costa","CA","No Associate's","California State University Fresno","No Graduate Degree","No Law Degree","No Medical Degree or PhD"
"Jim Himes","CT","No Associate's","Harvard University","Graduate Degree","No Law Degree","No Medical Degree or PhD"
"Jim Jordan","OH","No Associate's","University of Wisconsin","Graduate Degree","Law Degree","No Medical Degree or PhD"
"Jim Justice","WV","No Associate's","Marshall University","Graduate Degree","No Law Degree","No Medical Degree or PhD"
"Jim McGovern","MA","No Associate's","American University","Graduate Degree","No Law Degree","No Medical Degree or PhD"
"Jim Moylan","GU","No Associate's","University of Guam","No Graduate Degree","No Law Degree","No Medical Degree or PhD"
"Jim Risch","ID","No Associate's","University of Idaho","No Graduate Degree","Law Degree","No Medical Degree or PhD"
"Jimmy Gomez","CA","No Associate's","University California Los Angeles","Graduate Degree","No Law Degree","No Medical Degree or PhD"
"Jimmy Panetta","CA","Associate's Degree","University of California, Davis","No Graduate Degree","Law Degree","No Medical Degree or PhD"
"Joaquin Castro","TX","No Associate's","Stanford University","No Graduate Degree","Law Degree","No Medical Degree or PhD"
"Jodey Arrington","TX","No Associate's","Texas Tech University","Graduate Degree","No Law Degree","No Medical Degree or PhD"
"Joe Courtney","CT","No Associate's","Tufts University","No Graduate Degree","Law Degree","No Medical Degree or PhD"
"Joe Manchin","WV","No Associate's","West Virginia University","No Graduate Degree","No Law Degree","No Medical Degree or PhD"
"Joe Morelle","NY","No Associate's","State University of New York Geneseo","No Graduate Degree","No Law Degree","No Medical Degree or PhD"
"Joe Neguse","CO","No Associate's","University of Colorado","No Graduate Degree","Law Degree","No Medical Degree or PhD"
"Joe Wilson","SC","No Associate's","Washington and Lee University","No Graduate Degree","Law Degree","No Medical Degree or PhD"
"John Barrasso","WY","No Associate's","Georgetown University","No Graduate Degree","No Law Degree","Medical Degree or PhD"
"John Boozman","AR","No Associate's","NONE","No Graduate Degree","No Law Degree","Medical Degree or PhD"
"John Carter","TX","No Associate's","Texas Tech University","No Graduate Degree","Law Degree","No Medical Degree or PhD"
"John Cornyn","TX","No Associate's","Trinity University","No Graduate Degree","Law Degree","No Medical Degree or PhD"
"John Curtis","UT","No Associate's","Brigham Young University","No Graduate Degree","No Law Degree","No Medical Degree or PhD"
"John Duarte","CA","No Associate's","San Diego State University","Graduate Degree","No Law Degree","No Medical Degree or PhD"
"John Fetterman","PA","No Associate's","Albright College","Graduate Degree","No Law Degree","No Medical Degree or PhD"
"John Garamendi","CA","No Associate's","University of California Berkeley","Graduate Degree","No Law Degree","No Medical Degree or PhD"
"John Henry Rutherford","FL","Associate's Degree","Florida State University","No Graduate Degree","No Law Degree","No Medical Degree or PhD"
"John Hickenlooper","CO","No Associate's","Wesleyan University","Graduate Degree","No Law Degree","No Medical Degree or PhD"
"John Hoeven","ND","No Associate's","Dartmouth College","Graduate Degree","No Law Degree","No Medical Degree or PhD"
"John James","MI","No Associate's","The United States Military Academy at West Point","Graduate Degree","No Law Degree","No Medical Degree or PhD"
"John Joyce","PA","No Associate's","Penn State University","No Graduate Degree","No Law Degree","Medical Degree or PhD"
"John Larson","CT","No Associate's","Central Connecticut State University","No Graduate Degree","No Law Degree","No Medical Degree or PhD"
"John Mannion","NY","No Associate's","State University of New York, Binghamton","Graduate Degree","No Law Degree","No Medical Degree or PhD"
"John McGuire","VA","No Associate's","NONE","No Graduate Degree","No Law Degree","No Medical Degree or PhD"
"John Moolenaar","MI","No Associate's","Hope College","Graduate Degree","No Law Degree","No Medical Degree or PhD"
"John Neely Kennedy","LA","No Associate's","Vanderbilt University","No Graduate Degree","Law Degree","No Medical Degree or PhD"
"John Rose","TN","No Associate's","Tennessee Technological University","Graduate Degree","Law Degree","No Medical Degree or PhD"
"John Sarbanes","MD","No Associate's","Princeton University","No Graduate Degree","Law Degree","No Medical Degree or PhD"
"John Thune","SD","No Associate's","Biola University","Graduate Degree","No Law Degree","No Medical Degree or PhD"
"Johnny Olszewski","MD","No Associate's","Goucher College","Graduate Degree","No Law Degree","Medical Degree or PhD"
"Jon Ossoff","GA","No Associate's","Georgetown University School of Foreign Service","Graduate Degree","No Law Degree","No Medical Degree or PhD"
"Jon Tester","MT","No Associate's","University of Great Falls","No Graduate Degree","No Law Degree","No Medical Degree or PhD"
"Jonathan Jackson","IL","No Associate's","Northwestern University","Graduate Degree","No Law Degree","No Medical Degree or PhD"
"Joni Ernst","IA","No Associate's","Iowa State University","Graduate Degree","No Law Degree","No Medical Degree or PhD"
"Josh Brecheen","OK","No Associate's","Southeastern Oklahoma State University","No Graduate Degree","No Law Degree","No Medical Degree or PhD"
"Josh Gottheimer","NJ","No Associate's","University of Pennsylvania","No Graduate Degree","Law Degree","No Medical Degree or PhD"
"Josh Harder","CA","No Associate's","Stanford University","Graduate Degree","No Law Degree","No Medical Degree or PhD"
"Josh Hawley","MO","No Associate's","Stanford University","No Graduate Degree","Law Degree","No Medical Degree or PhD"
"Josh Riley","NY","No Associate's","College of William & Mary","No Graduate Degree","Law Degree","No Medical Degree or PhD"
"Joyce Beatty","OH","No Associate's","Central State University","Graduate Degree","No Law Degree","No Medical Degree or PhD"
"Juan Carlos Vargas","CA","No Associate's","University of San Diego","Graduate Degree","Law Degree","No Medical Degree or PhD"
"Juan Ciscomani","AZ","Associate's Degree","University of Arizona","No Graduate Degree","No Law Degree","No Medical Degree or PhD"
"Judy Chu","CA","No Associate's","University of California Los Angeles","No Graduate Degree","No Law Degree","Medical Degree or PhD"
"Julia Brownley","CA","No Associate's","George Washington University","Graduate Degree","No Law Degree","No Medical Degree or PhD"
"Julia Letlow","LA","No Associate's","University of Louisiana at Monroe","Graduate Degree","No Law Degree","Medical Degree or PhD"
"Julie Johnson","TX","No Associate's","University of Texas at Austin","No Graduate Degree","Law Degree","No Medical Degree or PhD"
"Kat Cammack","FL","No Associate's","Metropolitan State University","Graduate Degree","No Law Degree","No Medical Degree or PhD"
"Katherine Clark","MA","No Associate's","Saint Lawrence University","Graduate Degree","Law Degree","No Medical Degree or PhD"
"Kathy Castor","FL","No Associate's","Emory University","No Graduate Degree","Law Degree","No Medical Degree or PhD"
"Kathy Manning","NC","No Associate's","Harvard University","No Graduate Degree","Law Degree","No Medical Degree or PhD"
"Katie Elizabeth Britt","AL","No Associate's","University of Alabama","No Graduate Degree","Law Degree","No Medical Degree or PhD"
"Katie Porter","CA","No Associate's","Yale University","No Graduate Degree","Law Degree","No Medical Degree or PhD"
"Kay Granger","TX","No Associate's","Texas Wesleyan University","No Graduate Degree","No Law Degree","No Medical Degree or PhD"
"Keith Alan Self","TX","No Associate's","U.S. Military Academy","Graduate Degree","No Law Degree","No Medical Degree or PhD"
"Kelly Armstrong","ND","No Associate's","University of North Dakota","No Graduate Degree","Law Degree","No Medical Degree or PhD"
"Ken Buck","CO","No Associate's","Princeton University","No Graduate Degree","Law Degree","No Medical Degree or PhD"
"Ken Calvert","CA","Associate's Degree","San Diego State University","No Graduate Degree","No Law Degree","No Medical Degree or PhD"
"Kevin Cramer","ND","No Associate's","Concordia College","Graduate Degree","No Law Degree","No Medical Degree or PhD"
"Kevin Hern","OK","No Associate's","Arkansas Tech University","Graduate Degree","No Law Degree","No Medical Degree or PhD"
"Kevin Kiley","CA","No Associate's","Harvard University","Graduate Degree","Law Degree","No Medical Degree or PhD"
"Kevin McCarthy","CA","No Associate's","California State University Bakersfield","Graduate Degree","No Law Degree","No Medical Degree or PhD"
"Kevin Mullin","CA","No Associate's","University of San Francisco","Graduate Degree","No Law Degree","No Medical Degree or PhD"
"Kim Schrier","WA","No Associate's","University of California, Berkeley","No Graduate Degree","No Law Degree","Medical Degree or PhD"
"Kim Schrier","WA","No Associate's","University of California, Berkeley","Graduate Degree","No Law Degree","No Medical Degree or PhD"
"Kimberlyn King-Hinds","MP","No Associate's","Loyola Marymount University","Graduate Degree","Law Degree","No Medical Degree or PhD"
"Kirsten Gillibrand","NY","No Associate's","Dartmouth College","No Graduate Degree","Law Degree","No Medical Degree or PhD"
"Kristen McDonald Rivet","MI","No Associate's","Michigan State University","Graduate Degree","No Law Degree","No Medical Degree or PhD"
"Kweisi Mfume","MD","No Associate's","Morgan State University","Graduate Degree","No Law Degree","No Medical Degree or PhD"
"LaMonica McIver","NJ","No Associate's","Bloomfield College","Graduate Degree","No Law Degree","No Medical Degree or PhD"
"Lance Gooden","TX","No Associate's","University of Texas","No Graduate Degree","No Law Degree","No Medical Degree or PhD"
"Laphonza Butler","CA","No Associate's","Jackson State University","No Graduate Degree","No Law Degree","No Medical Degree or PhD"
"Larry Bucshon","IN","No Associate's","University of Illinois Urbana-Champaign","No Graduate Degree","No Law Degree","Medical Degree or PhD"
"Lateefah Simon","CA","No Associate's","Mills College","Graduate Degree","No Law Degree","No Medical Degree or PhD"
"Laura Friedman","CA","No Associate's","University of Rochester","No Graduate Degree","No Law Degree","No Medical Degree or PhD"
"Laura Gillen","NY","No Associate's","Georgetown University","No Graduate Degree","Law Degree","No Medical Degree or PhD"
"Laurel Lee","FL","No Associate's","University of Florida","No Graduate Degree","Law Degree","No Medical Degree or PhD"
"Lauren Boebert","CO","No Associate's","NONE","No Graduate Degree","No Law Degree","No Medical Degree or PhD"
"Lauren Underwood","IL","No Associate's","University of Michigan","Graduate Degree","No Law Degree","No Medical Degree or PhD"
"Linda Sanchez","CA","No Associate's","University of California Berkeley","No Graduate Degree","Law Degree","No Medical Degree or PhD"
"Lindsey Graham","SC","No Associate's","University of South Carolina Columbia","No Graduate Degree","Law Degree","No Medical Degree or PhD"
"Lisa Blunt Rochester","DE","No Associate's","Farleigh Dickinson University","Graduate Degree","No Law Degree","No Medical Degree or PhD"
"Lisa McClain","MI","No Associate's","Northwood University","No Graduate Degree","No Law Degree","No Medical Degree or PhD"
"Lisa Murkowski","AK","No Associate's","Georgetown University","No Graduate Degree","Law Degree","No Medical Degree or PhD"
"Lizzie Fletcher","TX","No Associate's","Kenyon College","No Graduate Degree","Law Degree","No Medical Degree or PhD"
"Lloyd Doggett","TX","No Associate's","University of Texas Austin","No Graduate Degree","Law Degree","No Medical Degree or PhD"
"Lloyd Smucker","PA","No Associate's","NONE","No Graduate Degree","No Law Degree","No Medical Degree or PhD"
"Lois Frankel","FL","No Associate's","Boston University","No Graduate Degree","Law Degree","No Medical Degree or PhD"
"Lori Trahan","MA","No Associate's","Georgetown University","No Graduate Degree","No Law Degree","No Medical Degree or PhD"
"Lou Correa","CA","No Associate's","California State University Fullerton","Graduate Degree","Law Degree","No Medical Degree or PhD"
"Lucia ""Lucy"" McBath","GA","No Associate's","Virginia State University","No Graduate Degree","No Law Degree","No Medical Degree or PhD"
"Luz Rivas","CA","No Associate's","Massachusetts Institute of Technology","Graduate Degree","No Law Degree","No Medical Degree or PhD"
"Madeleine Dean","PA","No Associate's","La Salle University","No Graduate Degree","Law Degree","No Medical Degree or PhD"
"Maggie Goodlander","NH","No Associate's","Yale University","No Graduate Degree","Law Degree","No Medical Degree or PhD"
"Maggie Hassan","NH","No Associate's","Brown University","No Graduate Degree","Law Degree","No Medical Degree or PhD"
"Marc Molinaro","NY","Associate's Degree","NONE","No Graduate Degree","No Law Degree","No Medical Degree or PhD"
"Marc Veasey","TX","No Associate's","Texas Wesleyan University","No Graduate Degree","No Law Degree","No Medical Degree or PhD"
"Marco Rubio","FL","No Associate's","University of Florida","No Graduate Degree","Law Degree","No Medical Degree or PhD"
"Marcy Kaptur","OH","No Associate's","University of Wisconsin","Graduate Degree","No Law Degree","No Medical Degree or PhD"
"Maria Cantwell","WA","No Associate's","Miami University of Ohio","No Graduate Degree","No Law Degree","No Medical Degree or PhD"
"Maria Elvira Salazar","FL","No Associate's","University of Miami","Graduate Degree","No Law Degree","No Medical Degree or PhD"
"Mariannette Jane Miller-Meeks","IA","No Associate's","Texas Christian University","Graduate Degree","No Law Degree","Medical Degree or PhD"
"Marie Gluesenkamp Perez","WA","No Associate's","Reed College","No Graduate Degree","No Law Degree","No Medical Degree or PhD"
"Marilyn Strickland","WA","No Associate's","University of Washington","Graduate Degree","No Law Degree","No Medical Degree or PhD"
"Mario Diaz-Balart","FL","No Associate's","University of South Florida","No Graduate Degree","No Law Degree","No Medical Degree or PhD"
"Marjorie Taylor Greene","GA","No Associate's","University of Georgia","No Graduate Degree","No Law Degree","No Medical Degree or PhD"
"Mark Alford","MO","No Associate's","NONE","No Graduate Degree","No Law Degree","No Medical Degree or PhD"
"Mark Amodei","NV","No Associate's","University of Nevada Reno","No Graduate Degree","Law Degree","No Medical Degree or PhD"
"Mark DeSaulnier","CA","No Associate's","College of the Holy Cross","No Graduate Degree","No Law Degree","No Medical Degree or PhD"
"Mark Green","TN","No Associate's","West Point","No Graduate Degree","No Law Degree","Medical Degree or PhD"
"Mark Harris","NC","No Associate's","Appalachian State University","Graduate Degree","No Law Degree","Medical Degree or PhD"
"Mark Kelly","AZ","No Associate's","United States Merchant Marine Academy","Graduate Degree","No Law Degree","No Medical Degree or PhD"
"Mark Messmer","IN","No Associate's","Purdue University","No Graduate Degree","No Law Degree","No Medical Degree or PhD"
"Mark Pocan","WI","No Associate's","University of Wisconsin Madison","No Graduate Degree","No Law Degree","No Medical Degree or PhD"
"Mark Takano","CA","No Associate's","University of California Riverside","No Graduate Degree","No Law Degree","No Medical Degree or PhD"
"Mark Warner","VA","No Associate's","George Washington University","No Graduate Degree","Law Degree","No Medical Degree or PhD"
"Markwayne Mullin","OK","Associate's Degree","NONE","No Graduate Degree","No Law Degree","No Medical Degree or PhD"
"Marlin Stutzman","IN","Associate's Degree","Tri-State University","No Graduate Degree","No Law Degree","No Medical Degree or PhD"
"Marsha Blackburn","TN","No Associate's","Mississippi State University","No Graduate Degree","No Law Degree","No Medical Degree or PhD"
"Martin Heinrich","NM","No Associate's","University of Missouri","No Graduate Degree","No Law Degree","No Medical Degree or PhD"
"Mary Gay Scanlon","PA","No Associate's","Colgate University","No Graduate Degree","Law Degree","No Medical Degree or PhD"
"Mary Miller","IL","No Associate's","Eastern Illinois University","No Graduate Degree","No Law Degree","No Medical Degree or PhD"
"Mary Peltola","AK","No Associate's","NONE","No Graduate Degree","No Law Degree","No Medical Degree or PhD"
"Matt Cartwright","PA","No Associate's","Hamilton College","No Graduate Degree","Law Degree","No Medical Degree or PhD"
"Matt Gaetz","FL","No Associate's","Florida State University","No Graduate Degree","Law Degree","No Medical Degree or PhD"
"Matt Rosendale Sr.","MT","No Associate's","NONE","No Graduate Degree","No Law Degree","No Medical Degree or PhD"
"Max Miller","OH","No Associate's","Cleveland State University","No Graduate Degree","No Law Degree","No Medical Degree or PhD"
"Maxine Dexter","OR","No Associate's","University of Washington","No Graduate Degree","No Law Degree","Medical Degree or PhD"
"Maxine Waters","CA","No Associate's","California State University Los Angeles","No Graduate Degree","No Law Degree","No Medical Degree or PhD"
"Maxwell Frost","FL","No Associate's","NONE","No Graduate Degree","No Law Degree","No Medical Degree or PhD"
"Mazie Hirono","HI","No Associate's","University of Hawaii Manoa","No Graduate Degree","Law Degree","No Medical Degree or PhD"
"Melanie Stansbury","NM","No Associate's","Saint Mary's College of California","Graduate Degree","No Law Degree","No Medical Degree or PhD"
"Michael ""Mike"" Guest","MS","No Associate's","Mississippi State University","No Graduate Degree","Law Degree","No Medical Degree or PhD"
"Michael ""Mike"" Waltz","FL","No Associate's","Virginia Military Institute","No Graduate Degree","No Law Degree","No Medical Degree or PhD"
"Michael Baumgartner","WA","No Associate's","Washington State University","Graduate Degree","No Law Degree","No Medical Degree or PhD"
"Michael Bennet","CO","No Associate's","Wesleyan University","No Graduate Degree","Law Degree","No Medical Degree or PhD"
"Michael Burgess","TX","No Associate's","North Texas State University","Graduate Degree","No Law Degree","Medical Degree or PhD"
"Michael Cloud","TX","No Associate's","Oral Roberts University","No Graduate Degree","No Law Degree","No Medical Degree or PhD"
"Michael McCaul","TX","No Associate's","Trinity University","No Graduate Degree","Law Degree","No Medical Degree or PhD"
"Michael Rulli","OH","No Associate's","Emerson College","No Graduate Degree","No Law Degree","No Medical Degree or PhD"
"Michael Rulli","OH","No Associate's","NONE","No Graduate Degree","No Law Degree","No Medical Degree or PhD"
"Michelle Fischbach","MN","No Associate's","Saint Cloud State University","No Graduate Degree","Law Degree","No Medical Degree or PhD"
"Michelle Steel","CA","No Associate's","Pepperdine University","Graduate Degree","No Law Degree","No Medical Degree or PhD"
"Mike Bost","IL","No Associate's","NONE","No Graduate Degree","No Law Degree","No Medical Degree or PhD"
"Mike Braun","IN","No Associate's","Wabash College","Graduate Degree","No Law Degree","No Medical Degree or PhD"
"Mike Carey","OH","Associate's Degree","The Ohio State University","No Graduate Degree","No Law Degree","No Medical Degree or PhD"
"Mike Collins Jr.","GA","No Associate's","Georgia State University","No Graduate Degree","No Law Degree","No Medical Degree or PhD"
"Mike Crapo","ID","No Associate's","Brigham Young University","No Graduate Degree","Law Degree","No Medical Degree or PhD"
"Mike Ezell","MS","No Associate's","University of Southern Mississippi","No Graduate Degree","No Law Degree","No Medical Degree or PhD"
"Mike Flood","NE","No Associate's","University of Notre Dame","No Graduate Degree","Law Degree","No Medical Degree or PhD"
"Mike Gallagher","WI","No Associate's","Princeton University","Graduate Degree","No Law Degree","No Medical Degree or PhD"
"Mike Haridopolos","FL","No Associate's","Stetson University","Graduate Degree","No Law Degree","Medical Degree or PhD"
"Mike Johnson","LA","No Associate's","Louisiana State University","No Graduate Degree","Law Degree","No Medical Degree or PhD"
"Mike Kelly","PA","No Associate's","University of Notre Dame","No Graduate Degree","No Law Degree","No Medical Degree or PhD"
"Mike Kennedy","UT","No Associate's","Brigham Young University","No Graduate Degree","Law Degree","Medical Degree or PhD"
"Mike Lawler","NY","No Associate's","Manhattan College","No Graduate Degree","No Law Degree","No Medical Degree or PhD"
"Mike Lee","UT","No Associate's","Brigham Young University","No Graduate Degree","Law Degree","No Medical Degree or PhD"
"Mike Levin","CA","No Associate's","Stanford University","No Graduate Degree","Law Degree","No Medical Degree or PhD"
"Mike Quigley","IL","No Associate's","Roosevelt University","Graduate Degree","Law Degree","No Medical Degree or PhD"
"Mike Rogers","AL","No Associate's","Jacksonville State University","Graduate Degree","Law Degree","No Medical Degree or PhD"
"Mike Rounds","SD","No Associate's","South Dakota State University","No Graduate Degree","No Law Degree","No Medical Degree or PhD"
"Mike Simpson","ID","No Associate's","Utah State University","No Graduate Degree","No Law Degree","Medical Degree or PhD"
"Mike Thompson","CA","No Associate's","California State University Chico","Graduate Degree","No Law Degree","No Medical Degree or PhD"
"Mike Turner","OH","No Associate's","Political Science Ohio Northern University","Graduate Degree","Law Degree","No Medical Degree or PhD"
"Mikie Sherrill","NJ","No Associate's","United States Naval Academy","Graduate Degree","Law Degree","No Medical Degree or PhD"
"Mitch McConnell","KY","No Associate's","University of Louisville","No Graduate Degree","Law Degree","No Medical Degree or PhD"
"Mitt Romney","UT","No Associate's","Brigham Young University","Graduate Degree","Law Degree","No Medical Degree or PhD"
"Monica De La Cruz","TX","No Associate's","University of Texas, San Antonio","No Graduate Degree","No Law Degree","No Medical Degree or PhD"
"Morgan Griffith","VA","No Associate's","Emory & Henry College","No Graduate Degree","Law Degree","No Medical Degree or PhD"
"Morgan Luttrell","TX","No Associate's","Sam Houston State University","Graduate Degree","No Law Degree","No Medical Degree or PhD"
"Morgan McGarvey","KY","No Associate's","University of Missouri","No Graduate Degree","Law Degree","No Medical Degree or PhD"
"Nancy Mace","SC","No Associate's","The Citadel","Graduate Degree","No Law Degree","No Medical Degree or PhD"
"Nancy Pelosi","CA","No Associate's","Trinity College","No Graduate Degree","No Law Degree","No Medical Degree or PhD"
"Nanette Barragán","CA","No Associate's","University of California, Los Angeles","No Graduate Degree","Law Degree","No Medical Degree or PhD"
"Nathaniel Moran","TX","No Associate's","Texas Tech University","No Graduate Degree","Law Degree","No Medical Degree or PhD"
"Neal Dunn","FL","No Associate's","Washington and Lee University","Graduate Degree","No Law Degree","No Medical Degree or PhD"
"Nellie Pou","NJ","No Associate's","NONE","No Graduate Degree","No Law Degree","No Medical Degree or PhD"
"Nick LaLota","NY","No Associate's","U.S. Naval Academy at Annapolis","Graduate Degree","Law Degree","No Medical Degree or PhD"
"Nick Langworthy","NY","No Associate's","Niagara University","No Graduate Degree","No Law Degree","No Medical Degree or PhD"
"Nicole Malliotakis","NY","No Associate's","Seton Hall University","Graduate Degree","No Law Degree","No Medical Degree or PhD"
"Nikema Williams","GA","No Associate's","Talladega College","No Graduate Degree","No Law Degree","No Medical Degree or PhD"
"Nikki Budzinski","IL","No Associate's","University of Illinois, Urbana-Champaign","No Graduate Degree","No Law Degree","No Medical Degree or PhD"
"Norma Torres","CA","No Associate's","National Labor College","No Graduate Degree","No Law Degree","No Medical Degree or PhD"
"Nydia Velázquez","NY","No Associate's","University of Puerto Rico Rio Piedras","Graduate Degree","No Law Degree","No Medical Degree or PhD"
"Pablo Jose Hernandez Rivera","PR","No Associate's","Harvard University","No Graduate Degree","Law Degree","No Medical Degree or PhD"
"Pat Fallon","TX","No Associate's","University of Notre Dame","No Graduate Degree","No Law Degree","No Medical Degree or PhD"
"Pat Harrigan","NC","No Associate's","United States Military Academy","No Graduate Degree","No Law Degree","No Medical Degree or PhD"
"Pat Ryan","NY","No Associate's","U.S. Military Academy at West Point","Graduate Degree","No Law Degree","No Medical Degree or PhD"
"Patrick McHenry","NC","No Associate's","Belmont Abbey College","No Graduate Degree","No Law Degree","No Medical Degree or PhD"
"Patty Murray","WA","No Associate's","Washington State University","No Graduate Degree","No Law Degree","No Medical Degree or PhD"
"Paul Gosar","AZ","No Associate's","Creighton University","No Graduate Degree","No Law Degree","No Medical Degree or PhD"
"Paul Tonko","NY","No Associate's","Clarkson University","No Graduate Degree","No Law Degree","No Medical Degree or PhD"
"Pete Aguilar","CA","No Associate's","NONE","No Graduate Degree","No Law Degree","No Medical Degree or PhD"
"Pete Ricketts","NE","No Associate's","University of Chicago","Graduate Degree","No Law Degree","No Medical Degree or PhD"
"Pete Sessions","TX","No Associate's","Southwestern University","No Graduate Degree","No Law Degree","No Medical Degree or PhD"
"Pete Stauber","MN","No Associate's","Lake Superior State University","No Graduate Degree","No Law Degree","No Medical Degree or PhD"
"Peter Welch","VT","No Associate's","College of the Holy Cross","No Graduate Degree","Law Degree","No Medical Degree or PhD"
"Pramila Jayapal","WA","No Associate's","Georgetown University","Graduate Degree","No Law Degree","No Medical Degree or PhD"
"Raja Krishnamoorthi","IL","No Associate's","Princeton University","No Graduate Degree","Law Degree","No Medical Degree or PhD"
"Ralph Norman","SC","No Associate's","Presbyterian College","No Graduate Degree","No Law Degree","No Medical Degree or PhD"
"Rand Paul","KY","No Associate's","None","No Graduate Degree","No Law Degree","Medical Degree or PhD"
"Randy Feenstra","IA","No Associate's","Dordt College","Graduate Degree","No Law Degree","No Medical Degree or PhD"
"Randy Weber Sr.","TX","No Associate's","University of Houston Clear Lake","No Graduate Degree","No Law Degree","No Medical Degree or PhD"
"Raphael Warnock","GA","No Associate's","Morehouse College","Graduate Degree","No Law Degree","Medical Degree or PhD"
"Rashida Tlaib","MI","No Associate's","Wayne State University","No Graduate Degree","Law Degree","No Medical Degree or PhD"
"Raul Grijalva","AZ","No Associate's","University of Arizona","No Graduate Degree","No Law Degree","No Medical Degree or PhD"
"Raul Ruiz","CA","No Associate's","University of California Los Angeles","Graduate Degree","No Law Degree","Medical Degree or PhD"
"Rich McCormick","GA","No Associate's","Oregon State University","Graduate Degree","No Law Degree","Medical Degree or PhD"
"Richard Blumenthal","CT","No Associate's","Harvard University","No Graduate Degree","Law Degree","No Medical Degree or PhD"
"Richard Hudson Jr.","NC","No Associate's","University of North Carolina Charlotte","No Graduate Degree","No Law Degree","No Medical Degree or PhD"
"Richard Neal","MA","Associate's Degree","American International College","Graduate Degree","No Law Degree","No Medical Degree or PhD"
"Rick Allen","GA","No Associate's","Auburn University School of Architecture","No Graduate Degree","No Law Degree","No Medical Degree or PhD"
"Rick Crawford","AR","No Associate's","Arkansas State University","No Graduate Degree","No Law Degree","No Medical Degree or PhD"
"Rick Larsen","WA","No Associate's","Pacific Lutheran University","Graduate Degree","No Law Degree","No Medical Degree or PhD"
"Rick Scott","FL","No Associate's","University of Missouri Kansas City","No Graduate Degree","Law Degree","No Medical Degree or PhD"
"Riley Moore","WV","No Associate's","George Mason University","Graduate Degree","No Law Degree","No Medical Degree or PhD"
"Ritchie Torres","NY","No Associate's","NONE","No Graduate Degree","No Law Degree","No Medical Degree or PhD"
"Ro Khanna","CA","No Associate's","University of Chicago","No Graduate Degree","Law Degree","No Medical Degree or PhD"
"Rob Bresnahan","PA","No Associate's","University of Scranton","No Graduate Degree","No Law Degree","No Medical Degree or PhD"
"Rob Menendez Jr.","NJ","No Associate's","University of North Carolina at Chapel Hill","No Graduate Degree","Law Degree","No Medical Degree or PhD"
"Rob Wittman","VA","No Associate's","Virginia Polytechnic Institute and State University","Graduate Degree","No Law Degree","Medical Degree or PhD"
"Robert Aderholt","AL","No Associate's","Birmingham Southern College","No Graduate Degree","Law Degree","No Medical Degree or PhD"
"Robert Garcia","CA","No Associate's","California State University Long Beach","Graduate Degree","No Law Degree","No Medical Degree or PhD"
"Robin Kelly","IL","No Associate's","Bradley University","Graduate Degree","No Law Degree","Medical Degree or PhD"
"Roger Marshall","KS","Associate's Degree","Kansas State University","No Graduate Degree","No Law Degree","Medical Degree or PhD"
"Roger Wicker","MS","No Associate's","University of Mississippi","No Graduate Degree","Law Degree","No Medical Degree or PhD"
"Roger Williams","TX","No Associate's","Texas Christian University","No Graduate Degree","No Law Degree","No Medical Degree or PhD"
"Ron Estes","KS","No Associate's","Tennessee Technological University","Graduate Degree","No Law Degree","No Medical Degree or PhD"
"Ron Johnson","WI","No Associate's","University of Minnesota","No Graduate Degree","No Law Degree","No Medical Degree or PhD"
"Ron Wyden","OR","No Associate's","Political Science Stanford University","No Graduate Degree","Law Degree","No Medical Degree or PhD"
"Ronny Jackson","TX","No Associate's","Texas A&M University","No Graduate Degree","No Law Degree","Medical Degree or PhD"
"Rosa DeLauro","CT","No Associate's","Marymount College","Graduate Degree","No Law Degree","No Medical Degree or PhD"
"Ruben Gallego","AZ","No Associate's","Harvard University","No Graduate Degree","No Law Degree","No Medical Degree or PhD"
"Rudy Yakym","IN","Associate's Degree","Indiana University South Bend","Graduate Degree","No Law Degree","No Medical Degree or PhD"
"Russ Fulcher","ID","No Associate's","Boise State University","Graduate Degree","No Law Degree","No Medical Degree or PhD"
"Russell Fry","SC","No Associate's","University of South Carolina","No Graduate Degree","Law Degree","No Medical Degree or PhD"
"Ryan Mackenzie","PA","No Associate's","New York University","Graduate Degree","No Law Degree","No Medical Degree or PhD"
"Ryan Zinke","MT","No Associate's","University of Oregon","Graduate Degree","No Law Degree","No Medical Degree or PhD"
"Salud Carbajal","CA","No Associate's","University of California, Santa Barbara","Graduate Degree","No Law Degree","No Medical Degree or PhD"
"Sam Graves","MO","No Associate's","University of Missouri","No Graduate Degree","No Law Degree","No Medical Degree or PhD"
"Sam Liccardo","CA","No Associate's","Georgetown University","Graduate Degree","Law Degree","No Medical Degree or PhD"
"Sanford Bishop Jr.","GA","No Associate's","Morehouse College","No Graduate Degree","Law Degree","No Medical Degree or PhD"
"Sara Jacobs","CA","No Associate's","Columbia University","Graduate Degree","No Law Degree","No Medical Degree or PhD"
"Sarah Elfreth","MD","No Associate's","Towson University","Graduate Degree","No Law Degree","No Medical Degree or PhD"
"Sarah McBride","DE","No Associate's","American University","No Graduate Degree","No Law Degree","No Medical Degree or PhD"
"Scott Eugene DesJarlais","TN","No Associate's","University of South Dakota","No Graduate Degree","No Law Degree","Medical Degree or PhD"
"Scott Fitzgerald","WI","No Associate's","University of Wisconsin Oshkosh","No Graduate Degree","No Law Degree","No Medical Degree or PhD"
"Scott Franklin","FL","No Associate's","United States Naval Academy","Graduate Degree","No Law Degree","No Medical Degree or PhD"
"Scott Perry","PA","No Associate's","Pennsylvania State University","No Graduate Degree","No Law Degree","No Medical Degree or PhD"
"Scott Peters","CA","No Associate's","Duke University","No Graduate Degree","Law Degree","No Medical Degree or PhD"
"Sean Casten","IL","No Associate's","Middlebury College","Graduate Degree","No Law Degree","No Medical Degree or PhD"
"Seth Magaziner","RI","No Associate's","Brown University","Graduate Degree","No Law Degree","No Medical Degree or PhD"
"Seth Moulton","MA","No Associate's","Harvard University","Graduate Degree","No Law Degree","No Medical Degree or PhD"
"Sharice Davids","KS","Associate's Degree","University of Missouri Kansas City","No Graduate Degree","Law Degree","No Medical Degree or PhD"
"Sheila Cherfilus-McCormick","FL","No Associate's","Howard University","No Graduate Degree","Law Degree","No Medical Degree or PhD"
"Sheila Jackson Lee","TX","No Associate's","Yale University","No Graduate Degree","Law Degree","No Medical Degree or PhD"
"Sheldon Whitehouse","RI","No Associate's","Yale University","No Graduate Degree","Law Degree","No Medical Degree or PhD"
"Shelley Moore Capito","WV","No Associate's","Duke University","No Graduate Degree","No Law Degree","No Medical Degree or PhD"
"Sheri Biggs","SC","No Associate's","Carolina College of Biblical Studies","No Graduate Degree","No Law Degree","No Medical Degree or PhD"
"Sherrod Brown","OH","No Associate's","Russian Studies Yale University","Graduate Degree","No Law Degree","No Medical Degree or PhD"
"Shomari Figures","AL","No Associate's","University of Alabama","No Graduate Degree","Law Degree","No Medical Degree or PhD"
"Shontel Brown","OH","Associate's Degree","Wilberforce University","No Graduate Degree","No Law Degree","No Medical Degree or PhD"
"Shri Thanedar","MI","No Associate's","NONE","Graduate Degree","No Law Degree","Medical Degree or PhD"
"Stacey Plaskett","VI","No Associate's","Georgetown University School of Foreign Service","No Graduate Degree","Law Degree","No Medical Degree or PhD"
"Steny Hoyer","MD","No Associate's","University of Maryland College Park","No Graduate Degree","Law Degree","No Medical Degree or PhD"
"Stephanie Bice","OK","No Associate's","Oklahoma State University","No Graduate Degree","No Law Degree","No Medical Degree or PhD"
"Stephen Lynch","MA","No Associate's","Wentworth Institute of Technology","Graduate Degree","Law Degree","No Medical Degree or PhD"
"Steve Cohen","TN","No Associate's","Vanderbilt University","No Graduate Degree","Law Degree","No Medical Degree or PhD"
"Steve Daines","MT","No Associate's","Montana State University","No Graduate Degree","No Law Degree","No Medical Degree or PhD"
"Steve Scalise","LA","No Associate's","Louisiana State University","No Graduate Degree","No Law Degree","No Medical Degree or PhD"
"Steve Womack","AR","No Associate's","Arkansas Technical University","No Graduate Degree","No Law Degree","No Medical Degree or PhD"
"Steven Horsford","NV","No Associate's","University of Nevada Reno","No Graduate Degree","No Law Degree","No Medical Degree or PhD"
"Suhas Subramanyam","VA","No Associate's","Tulane University","No Graduate Degree","Law Degree","No Medical Degree or PhD"
"Summer Lee","PA","No Associate's","Pennsylvania State University","No Graduate Degree","Law Degree","No Medical Degree or PhD"
"Susan Collins","ME","No Associate's","St. Lawrence University","No Graduate Degree","No Law Degree","No Medical Degree or PhD"
"Susan Wild","PA","No Associate's","American University","No Graduate Degree","Law Degree","No Medical Degree or PhD"
"Susie Lee","NV","No Associate's","Carnegie Mellon University","Graduate Degree","No Law Degree","No Medical Degree or PhD"
"Suzan DelBene","WA","No Associate's","Reed College","Graduate Degree","No Law Degree","No Medical Degree or PhD"
"Suzanne Bonamici","OR","Associate's Degree","University of Oregon","No Graduate Degree","Law Degree","No Medical Degree or PhD"
"Sydney Kamlager","CA","No Associate's","University of Southern California","Graduate Degree","No Law Degree","No Medical Degree or PhD"
"Sylvester Turner","TX","No Associate's","University of Houston","No Graduate Degree","Law Degree","No Medical Degree or PhD"
"Sylvia Garcia","TX","No Associate's","Texas Woman's University","No Graduate Degree","Law Degree","No Medical Degree or PhD"
"Tammy Baldwin","WI","No Associate's","Smith College","No Graduate Degree","Law Degree","No Medical Degree or PhD"
"Tammy Duckworth","IL","No Associate's","University of Hawaii","Graduate Degree","No Law Degree","Medical Degree or PhD"
"Ted Budd","NC","No Associate's","Appalachian State University","Graduate Degree","No Law Degree","No Medical Degree or PhD"
"Ted Cruz","TX","No Associate's","Princeton University","No Graduate Degree","Law Degree","No Medical Degree or PhD"
"Ted Lieu","CA","No Associate's","Stanford University","No Graduate Degree","Law Degree","No Medical Degree or PhD"
"Teresa Leger Fernandez","NM","No Associate's","Yale University","No Graduate Degree","Law Degree","No Medical Degree or PhD"
"Terri Sewell","AL","No Associate's","Princeton University","Graduate Degree","Law Degree","No Medical Degree or PhD"
"Thom Tillis","NC","No Associate's","University of Maryland","No Graduate Degree","No Law Degree","No Medical Degree or PhD"
"Thomas Massie","KY","No Associate's","Massachusetts Institute of Technology","Graduate Degree","No Law Degree","No Medical Degree or PhD"
"Tim Burchett","TN","No Associate's","University of Tennessee","No Graduate Degree","No Law Degree","No Medical Degree or PhD"
"Tim Kaine","VA","No Associate's","University of Missouri","No Graduate Degree","Law Degree","No Medical Degree or PhD"
"Tim Kennedy","NY","No Associate's","D'Youville College","Graduate Degree","No Law Degree","No Medical Degree or PhD"
"Tim Moore","NC","No Associate's","University of North Carolina Chapel Hill","Graduate Degree","No Law Degree","No Medical Degree or PhD"
"Tim Scott","SC","No Associate's","Charleston Southern University","No Graduate Degree","No Law Degree","No Medical Degree or PhD"
"Tim Sheehy","MT","No Associate's","United States Naval Academy","No Graduate Degree","No Law Degree","No Medical Degree or PhD"
"Tim Walberg","MI","No Associate's","Fort Wayne Bible College","Graduate Degree","No Law Degree","No Medical Degree or PhD"
"Tina Smith","MN","No Associate's","Stanford University","Graduate Degree","No Law Degree","No Medical Degree or PhD"
"Todd Young","IN","No Associate's","United States Naval Academy","Graduate Degree","Law Degree","No Medical Degree or PhD"
"Tom Barrett","MI","No Associate's","Western Michigan University","No Graduate Degree","No Law Degree","No Medical Degree or PhD"
"Tom Carper","DE","No Associate's","The Ohio State University","Graduate Degree","No Law Degree","No Medical Degree or PhD"
"Tom Cole","OK","No Associate's","Grinnell College","Graduate Degree","No Law Degree","Medical Degree or PhD"
"Tom Cotton","AR","No Associate's","Harvard College","No Graduate Degree","Law Degree","No Medical Degree or PhD"
"Tom Emmer","MN","No Associate's","University of Alaska","No Graduate Degree","Law Degree","No Medical Degree or PhD"
"Tom Kean Jr.","NJ","No Associate's","Dartmouth College","Graduate Degree","No Law Degree","No Medical Degree or PhD"
"Tom McClintock","CA","No Associate's","University of California Los Angeles","No Graduate Degree","No Law Degree","No Medical Degree or PhD"
"Tom Suozzi","NY","No Associate's","Boston College","No Graduate Degree","Law Degree","No Medical Degree or PhD"
"Tom Tiffany","WI","No Associate's","University Wisconsin-River Falls","No Graduate Degree","No Law Degree","No Medical Degree or PhD"
"Tommy Tuberville","AL","No Associate's","Southern State College","No Graduate Degree","No Law Degree","No Medical Degree or PhD"
"Tony Cárdenas","CA","No Associate's","University of California Santa Barbara","No Graduate Degree","No Law Degree","No Medical Degree or PhD"
"Tony Gonzales","TX","No Associate's","Excelsior College","Graduate Degree","No Law Degree","No Medical Degree or PhD"
"Tony Wied","WI","No Associate's","St. Norbert College","No Graduate Degree","No Law Degree","No Medical Degree or PhD"
"Tracey Robert Mann","KS","No Associate's","Kansas State University","No Graduate Degree","No Law Degree","No Medical Degree or PhD"
"Trent Kelly","MS","No Associate's","The University of Mississippi","Graduate Degree","Law Degree","No Medical Degree or PhD"
"Troy Balderson","OH","No Associate's","NONE","No Graduate Degree","No Law Degree","No Medical Degree or PhD"
"Troy Carter","LA","No Associate's","Xavier University of Louisiana","No Graduate Degree","No Law Degree","No Medical Degree or PhD"
"Troy Downing","MT","No Associate's","NONE","No Graduate Degree","No Law Degree","No Medical Degree or PhD"
"Troy Nehls","TX","No Associate's","Liberty University","Graduate Degree","No Law Degree","No Medical Degree or PhD"
"Val Hoyle","OR","No Associate's","Emmanuel College","No Graduate Degree","No Law Degree","No Medical Degree or PhD"
"Valerie Foushee","NC","No Associate's","University of North Carolina at Chapel Hill","No Graduate Degree","No Law Degree","No Medical Degree or PhD"
"Vern Buchanan","FL","No Associate's","Cleary University","Graduate Degree","No Law Degree","No Medical Degree or PhD"
"Veronica Escobar","TX","No Associate's","University of Texas at El Paso","Graduate Degree","No Law Degree","No Medical Degree or PhD"
"Vicente Gonzalez","TX","No Associate's","Embry–Riddle Aeronautical University","No Graduate Degree","Law Degree","No Medical Degree or PhD"
"Victoria Spartz","IN","No Associate's","National University of Economics Ukraine","Graduate Degree","No Law Degree","No Medical Degree or PhD"
"Vince Fong","CA","No Associate's","University of California Los Angeles","Graduate Degree","No Law Degree","No Medical Degree or PhD"
"Virginia Foxx","NC","No Associate's","University of North Carolina Chapel Hill","Graduate Degree","No Law Degree","Medical Degree or PhD"
"Warren Davidson","OH","No Associate's","West Point","Graduate Degree","No Law Degree","No Medical Degree or PhD"
"Wesley Bell","MO","No Associate's","Lindenwood University","No Graduate Degree","Law Degree","No Medical Degree or PhD"
"Wesley Hunt","TX","No Associate's","United States Military Academy","Graduate Degree","No Law Degree","No Medical Degree or PhD"
"Wiley Nickel","NC","No Associate's","Tulane University","No Graduate Degree","Law Degree","No Medical Degree or PhD"
"William Timmons V","SC","No Associate's","George Washington University","Graduate Degree","Law Degree","No Medical Degree or PhD"
"Yassamin Ansari","AZ","No Associate's","Stanford University","Graduate Degree","No Law Degree","No Medical Degree or PhD"
"Young Kim","CA","No Associate's","University of Southern California","No Graduate Degree","No Law Degree","No Medical Degree or PhD"
"Yvette Clarke","NY","No Associate's","Oberlin College","No Graduate Degree","No Law Degree","No Medical Degree or PhD"
"Zach Nunn","IA","No Associate's","Drake University","Graduate Degree","No Law Degree","No Medical Degree or PhD"
"Zoe Lofgren","CA","No Associate's","Stanford University","No Graduate Degree","Law Degree","No Medical Degree or PhD"
